Genre,Reviews
Adventure,2121074
Romance,1901883
Fantasy,1028482
Horror,768225
Documentary,103454
Drama,4344198
Children,820149
Western,210459
Mystery,630944
IMAX,9080
Sci-Fi,1490489
Animation,519112
Musical,481174
Thriller,2584435
Crime,1474957
Film-Noir,131592
Action,2845349
Comedy,3934068
War,568063
