Genre,Reviews
Crime,1474957
IMAX,9080
Musical,481174
Western,210459
Action,2845349
Drama,4344198
Children,820149
Animation,519112
Thriller,2584435
War,568063
Fantasy,1028482
Horror,768225
Adventure,2121074
Sci-Fi,1490489
Romance,1901883
Comedy,3934068
Mystery,630944
Film-Noir,131592
Documentary,103454
